{
    "status": 9,
    "time": 601.8961110115051,
    "solutions": [
        [
            0.30324602127075195,
            6.349418793033621
        ],
        [
            0.3387770652770996,
            -2.547247873648189
        ],
        [
            0.4122300148010254,
            -7.43333333330952
        ],
        [
            0.4125990867614746,
            -11.25333333332685
        ],
        [
            0.45853614807128906,
            -12.919999999979623
        ],
        [
            0.45896315574645996,
            -12.965833333329904
        ],
        [
            0.45924997329711914,
            -15.203333333346084
        ],
        [
            0.4602510929107666,
            -19.60891454028077
        ],
        [
            0.5930330753326416,
            -36.66000000000094
        ],
        [
            0.5937321186065674,
            -122.25666666666677
        ],
        [
            1.9649691581726074,
            -135.89434977578514
        ],
        [
            2.3235199451446533,
            -137.61226644248575
        ],
        [
            2.3856770992279053,
            -142.61226644245
        ],
        [
            2.496392011642456,
            -153.27476644246116
        ],
        [
            2.4967660903930664,
            -161.172683109104
        ],
        [
            2.4971699714660645,
            -194.7833333333557
        ],
        [
            2.8948700428009033,
            -198.28333333337224
        ],
        [
            2.9348490238189697,
            -208.96666666667073
        ],
        [
            2.9354779720306396,
            -214.0000000000519
        ],
        [
            3.550615072250366,
            -265.40833333333853
        ],
        [
            3.811875104904175,
            -272.8466666667331
        ],
        [
            3.812243938446045,
            -280.2083333333988
        ],
        [
            3.9886679649353027,
            -281.7666666667286
        ],
        [
            4.507887125015259,
            -286.7666666667268
        ],
        [
            5.849151134490967,
            -289.88333333333344
        ],
        [
            10.632483959197998,
            -289.8833344288023
        ],
        [
            11.257805109024048,
            -289.88333661971336
        ],
        [
            11.261460065841675,
            -289.88334100660757
        ],
        [
            11.281935930252075,
            -289.88334122068306
        ],
        [
            12.507843017578125,
            -289.88336800855916
        ],
        [
            13.228312015533447,
            -289.8833875692879
        ],
        [
            13.233006000518799,
            -289.8834022171949
        ],
        [
            18.5986111164093,
            -289.88342319783226
        ],
        [
            18.872071027755737,
            -289.88345466875353
        ],
        [
            19.228157997131348,
            -289.8834777474162
        ],
        [
            21.621617078781128,
            -289.8834782545008
        ],
        [
            21.769050121307373,
            -289.8834903357607
        ],
        [
            21.769241094589233,
            -289.88350712026374
        ],
        [
            23.57842707633972,
            -289.8835331861126
        ],
        [
            23.631173133850098,
            -289.8836239045853
        ],
        [
            35.448790073394775,
            -289.8836288078144
        ],
        [
            43.397984981536865,
            -289.8836372000104
        ],
        [
            43.39819312095642,
            -289.88364139620944
        ],
        [
            47.7413170337677,
            -289.88387079345415
        ],
        [
            49.07813501358032,
            -289.8852058714463
        ],
        [
            49.097973108291626,
            -289.8852665568221
        ],
        [
            541.8745360374451,
            -305.1583333334394
        ],
        [
            544.305349111557,
            -310.02500000009957
        ],
        [
            553.3251011371613,
            -310.0250473253225
        ],
        [
            553.4150371551514,
            -310.025173057344
        ]
    ],
    "users": [
        10.0,
        10.0,
        10.0,
        5.0,
        1.0,
        5.15,
        10.15,
        15.15,
        20.15,
        15.15,
        10.15,
        5.15,
        1.0,
        2.5750000000027713,
        7.575000000002782,
        12.575000000002785,
        17.575000000002785,
        22.575000000002785,
        27.575000000002724,
        32.57500000000278,
        37.57500000000279,
        42.57500000000278,
        47.57500000000279,
        52.57500000000279
    ]
}