{
    "status": 9,
    "time": 602.084722995758,
    "solutions": [
        [
            0.3193318843841553,
            -542.110222222277
        ],
        [
            0.40230298042297363,
            -552.4311111111315
        ],
        [
            0.5733659267425537,
            -570.8755555555549
        ],
        [
            2.575073003768921,
            -570.8755936027089
        ],
        [
            2.7356510162353516,
            -570.8756187051432
        ],
        [
            2.7371108531951904,
            -570.8756224955443
        ],
        [
            2.774249792098999,
            -570.8757312729233
        ],
        [
            2.775146007537842,
            -570.8760060615097
        ],
        [
            3.3907558917999268,
            -610.7260493827164
        ],
        [
            3.50295090675354,
            -699.9076296296682
        ],
        [
            3.5049829483032227,
            -700.3396296296918
        ],
        [
            3.5068719387054443,
            -719.7040740741379
        ],
        [
            4.0518059730529785,
            -719.7041159121299
        ],
        [
            4.104848861694336,
            -719.704119433796
        ],
        [
            4.105466842651367,
            -768.6429629629758
        ],
        [
            4.16532301902771,
            -768.6430145385506
        ],
        [
            4.726279973983765,
            -768.6430349645311
        ],
        [
            4.727235794067383,
            -768.6430557127644
        ],
        [
            4.727940797805786,
            -768.6430690399244
        ],
        [
            4.728641986846924,
            -768.6430758165092
        ],
        [
            4.789902925491333,
            -768.6431330092713
        ],
        [
            4.791919946670532,
            -768.6432632248659
        ],
        [
            4.7946858406066895,
            -768.6432926383085
        ],
        [
            4.928086996078491,
            -768.6432963148343
        ],
        [
            4.93022894859314,
            -768.6433294050101
        ],
        [
            5.516268968582153,
            -768.6437628439849
        ],
        [
            6.308065891265869,
            -768.643904395966
        ],
        [
            6.310939788818359,
            -768.6439374860388
        ],
        [
            7.412639856338501,
            -768.6439630185407
        ],
        [
            9.362794876098633,
            -768.6442085892655
        ],
        [
            38.03353500366211,
            -768.6443248986784
        ],
        [
            46.03640580177307,
            -774.0628806584828
        ],
        [
            46.03828191757202,
            -789.3227983539618
        ],
        [
            95.57455396652222,
            -789.3230962075233
        ],
        [
            97.81307697296143,
            -789.3231244472961
        ],
        [
            246.647794008255,
            -789.3231252608305
        ],
        [
            247.6708378791809,
            -789.3231494718868
        ],
        [
            248.51214694976807,
            -789.3232495446267
        ],
        [
            249.54076194763184,
            -789.3232931245548
        ],
        [
            250.09089279174805,
            -789.3233469271661
        ],
        [
            251.30629086494446,
            -789.3234007297297
        ],
        [
            264.20801186561584,
            -789.3236869592788
        ],
        [
            265.19298696517944,
            -789.3237151991254
        ],
        [
            265.2742178440094,
            -789.323779841232
        ],
        [
            284.2169289588928,
            -789.3238582853667
        ],
        [
            304.99770998954773,
            -789.3238961437172
        ],
        [
            306.18875885009766,
            -789.3239222917374
        ],
        [
            306.7803819179535,
            -789.3239484397797
        ],
        [
            308.3557958602905,
            -789.3240268838697
        ],
        [
            380.83006501197815,
            -789.3241576240293
        ],
        [
            455.0809018611908,
            -789.3241837719564
        ],
        [
            472.5711410045624,
            -789.3242128254511
        ],
        [
            489.78139781951904,
            -789.3242418788501
        ],
        [
            559.9249439239502,
            -789.3242948745345
        ],
        [
            560.0317668914795,
            -789.3244032865746
        ],
        [
            578.6880979537964,
            -789.3244323399765
        ],
        [
            578.8034989833832,
            -789.3245485535474
        ],
        [
            598.4440100193024,
            -789.3245776068959
        ]
    ],
    "users": [
        10.0,
        10.0,
        10.0,
        8.626666666666509,
        3.6266666666664897,
        1.1266740479152615,
        1.0,
        4.946678522493576,
        9.946678522493603,
        14.946678522493643,
        19.94667852249367,
        24.946678522493762,
        29.946678522493897,
        34.94667852249399,
        39.94667852249407,
        44.946678522494146,
        49.946678522494224,
        54.9466785224943,
        59.94667852249438,
        64.94667852249447,
        69.9466785224945,
        74.94667852249458,
        79.94667852249458,
        80.0
    ]
}