{
    "status": 9,
    "time": 600.5211708545685,
    "solutions": [
        [
            0.14094805717468262,
            -263.8126905829869
        ],
        [
            0.14839696884155273,
            -1659.0824035874482
        ],
        [
            0.183305025100708,
            -1662.6698475336239
        ],
        [
            0.21639084815979004,
            -1696.1582092675735
        ],
        [
            0.6763510704040527,
            -1696.1855426009124
        ],
        [
            0.7324309349060059,
            -1699.5188759342273
        ],
        [
            0.9315629005432129,
            -1747.5338116591977
        ],
        [
            1.1413319110870361,
            -1756.7919431988219
        ],
        [
            1.269765853881836,
            -1757.2139431988057
        ],
        [
            1.2700560092926025,
            -1758.3021225710136
        ],
        [
            1.2703518867492676,
            -1769.4825261584522
        ],
        [
            1.2706959247589111,
            -1790.9867264574082
        ],
        [
            1.3503949642181396,
            -1825.776920777305
        ],
        [
            1.35115385055542,
            -1862.9867264574193
        ],
        [
            1.5271148681640625,
            -1868.197488789238
        ],
        [
            1.527400016784668,
            -1952.9867264573988
        ],
        [
            1.528883934020996,
            -1996.0555000000052
        ],
        [
            1.5939669609069824,
            -2030.8080485799771
        ],
        [
            1.594459056854248,
            -2063.949000000008
        ],
        [
            1.594770908355713,
            -2109.6877869955147
        ],
        [
            1.5953378677368164,
            -2245.876127802739
        ],
        [
            1.8784680366516113,
            -2252.46112406577
        ],
        [
            1.9976389408111572,
            -2261.393124065768
        ],
        [
            1.9987120628356934,
            -2265.1023796711543
        ],
        [
            2.1736230850219727,
            -2274.0343796711527
        ],
        [
            7.755068063735962,
            -2282.733931240659
        ],
        [
            8.012330055236816,
            -2284.4939312406586
        ],
        [
            8.012624025344849,
            -2287.467264573992
        ],
        [
            35.12567591667175,
            -2287.4672655717186
        ],
        [
            38.09782695770264,
            -2287.467270768894
        ],
        [
            47.3665509223938,
            -2287.4672714179146
        ],
        [
            47.66276693344116,
            -2287.4672720079125
        ],
        [
            49.29016089439392,
            -2287.4672751938515
        ],
        [
            55.79151201248169,
            -2287.4672754889157
        ],
        [
            57.344233989715576,
            -2287.4672772589206
        ],
        [
            61.1524760723114,
            -2287.4672778489157
        ],
        [
            76.37759900093079,
            -2287.4672788238504
        ],
        [
            81.42638802528381,
            -2287.4672799699133
        ],
        [
            81.42668604850769,
            -2287.4672807073916
        ],
        [
            96.63083386421204,
            -2287.4672813009483
        ],
        [
            100.33358693122864,
            -2287.46728195776
        ],
        [
            100.343337059021,
            -2287.4672911671973
        ],
        [
            124.71167707443237,
            -2287.4672946802225
        ],
        [
            126.92976903915405,
            -2287.4672949729775
        ],
        [
            126.93198490142822,
            -2287.4673067307813
        ],
        [
            127.82350301742554,
            -2287.4673114147868
        ],
        [
            130.03498888015747,
            -2287.4673418612806
        ],
        [
            130.05233502388,
            -2287.4673424468056
        ],
        [
            132.4003279209137,
            -2287.4673487662585
        ],
        [
            132.40204906463623,
            -2287.467351109582
        ],
        [
            135.13753390312195,
            -2287.467359280948
        ],
        [
            137.58676505088806,
            -2287.467376766873
        ],
        [
            137.60223507881165,
            -2287.46739104411
        ],
        [
            162.68571400642395,
            -2287.4673980702223
        ],
        [
            162.7175600528717,
            -2287.4674050963354
        ],
        [
            162.7286069393158,
            -2287.4674121224652
        ],
        [
            167.40990686416626,
            -2287.4674156355277
        ],
        [
            167.41955590248108,
            -2287.4675175142306
        ]
    ],
    "users": [
        10.0,
        10.0,
        10.0,
        5.0,
        1.0,
        1.0,
        1.0,
        1.0,
        1.0,
        5.203333333333281,
        10.203333333333223,
        10.203333333333223,
        14.6,
        19.6,
        24.6,
        29.6,
        34.6,
        39.6,
        44.6,
        44.6,
        44.6,
        44.6,
        44.6,
        44.6
    ]
}