{
    "status": 2,
    "time": 326.7795510292053,
    "solutions": [
        [
            1.5675489902496338,
            1.7466666666667123
        ],
        [
            1.7925090789794922,
            -5.506666666664913
        ],
        [
            1.7928040027618408,
            -41.15466666667305
        ],
        [
            2.902488946914673,
            -143.09466666668595
        ],
        [
            2.9040820598602295,
            -150.98200000001904
        ],
        [
            2.905595064163208,
            -153.09466666668595
        ],
        [
            3.8157501220703125,
            -154.5560000000055
        ],
        [
            3.8794100284576416,
            -160.80000000000388
        ],
        [
            4.107061147689819,
            -170.7400000000008
        ],
        [
            4.121478080749512,
            -225.10800000001205
        ],
        [
            4.223922967910767,
            -238.0200000000078
        ],
        [
            4.224265098571777,
            -255.02400000000793
        ],
        [
            4.344273090362549,
            -262.46400000000034
        ],
        [
            4.379570960998535,
            -264.67199999999883
        ],
        [
            4.380056142807007,
            -304.000000000008
        ],
        [
            4.70349907875061,
            -327.4560000000066
        ],
        [
            4.709005117416382,
            -380.7550000000129
        ],
        [
            5.027728080749512,
            -381.6470000000148
        ],
        [
            5.028037071228027,
            -382.98500000003503
        ],
        [
            5.0284459590911865,
            -408.7653333333296
        ],
        [
            5.3633949756622314,
            -424.5413333333345
        ],
        [
            6.606137037277222,
            -428.1093333333537
        ],
        [
            6.606567144393921,
            -430.48800000000017
        ],
        [
            6.6085381507873535,
            -490.90666666666596
        ],
        [
            6.786386966705322,
            -501.1620000000021
        ],
        [
            7.146296977996826,
            -501.1620059598031
        ],
        [
            7.207359075546265,
            -524.3560000000177
        ],
        [
            7.208003997802734,
            -574.9010000000059
        ],
        [
            7.212480068206787,
            -576.063333333328
        ],
        [
            7.787574052810669,
            -576.0633354466302
        ],
        [
            8.443604946136475,
            -576.0633355311497
        ],
        [
            8.446031093597412,
            -576.0633396731937
        ],
        [
            10.99849009513855,
            -576.0636240153356
        ],
        [
            29.23641300201416,
            -589.3660000000662
        ],
        [
            29.236643075942993,
            -646.9000000000564
        ],
        [
            30.194438934326172,
            -654.7400000000081
        ],
        [
            32.01182007789612,
            -661.6640000000375
        ],
        [
            32.20909309387207,
            -662.7680000000826
        ],
        [
            33.563239097595215,
            -665.7173333333333
        ],
        [
            49.21047115325928,
            -816.7810000000288
        ],
        [
            52.16209411621094,
            -818.799000000064
        ],
        [
            52.64716696739197,
            -822.2500000000211
        ],
        [
            54.14853096008301,
            -823.5410000000726
        ],
        [
            59.68922400474548,
            -823.5410020884844
        ],
        [
            60.4599449634552,
            -823.5410027673875
        ],
        [
            61.05779504776001,
            -823.5410031035003
        ],
        [
            61.063092947006226,
            -823.5410057092771
        ],
        [
            61.56594109535217,
            -823.541007406536
        ],
        [
            61.957839012145996,
            -823.5410076328288
        ],
        [
            61.95827102661133,
            -823.5410077426384
        ],
        [
            62.33357501029968,
            -823.5410078590953
        ],
        [
            62.334105014801025,
            -823.5410079747676
        ],
        [
            62.337960958480835,
            -823.5410081798136
        ],
        [
            62.60469102859497,
            -1046.2640000001115
        ],
        [
            71.96078109741211,
            -1046.264001671372
        ]
    ],
    "users": [
        10.0,
        10.0,
        10.0,
        5.352000835676453,
        5.352000835676453,
        5.352000835676453,
        5.946666666666662,
        5.946666666666662,
        5.946666666666662,
        6.541333333333552,
        11.541333333333569,
        16.541333333333565,
        21.541333333333565,
        26.541333333333565,
        31.541333333333565,
        36.54133333333357,
        41.54133333333357,
        46.54133333333357,
        51.54133333333357,
        56.54133333333357,
        61.54133333333357,
        66.54133333333357,
        71.54133333333357,
        76.54133333333363
    ]
}