{
    "status": 2,
    "time": 280.47092604637146,
    "solutions": [
        [
            17.43768286705017,
            11.342257291407421
        ],
        [
            17.68807291984558,
            11.342257279794007
        ],
        [
            24.349387884140015,
            11.3413211199169
        ],
        [
            24.34965491294861,
            11.340631616165476
        ],
        [
            32.38844704627991,
            5.191999999997234
        ],
        [
            33.02885103225708,
            5.191999959885566
        ],
        [
            33.0294988155365,
            -18.922229330762022
        ],
        [
            34.94177293777466,
            -22.982499310365867
        ],
        [
            68.12559485435486,
            -22.982502058991326
        ],
        [
            71.72221994400024,
            -22.982503308359775
        ],
        [
            75.60446095466614,
            -37.17018818682014
        ],
        [
            79.68506383895874,
            -41.1850141908282
        ],
        [
            81.93300890922546,
            -42.44930025155183
        ],
        [
            81.9590220451355,
            -44.778018321725895
        ],
        [
            81.98170185089111,
            -47.639204069101204
        ],
        [
            84.17342400550842,
            -54.68823130246929
        ],
        [
            84.18487191200256,
            -54.688237070115704
        ],
        [
            84.18579602241516,
            -54.68823881551018
        ],
        [
            93.32333397865295,
            -54.68823938102719
        ],
        [
            93.35154485702515,
            -54.68824012713334
        ],
        [
            93.35767698287964,
            -54.68824077133844
        ],
        [
            95.76173901557922,
            -54.68824100142938
        ],
        [
            95.76400685310364,
            -54.688241269011904
        ],
        [
            95.77355599403381,
            -54.68824211263204
        ],
        [
            98.48171281814575,
            -54.68824343693113
        ],
        [
            98.48396801948547,
            -54.68825976411001
        ],
        [
            98.50019001960754,
            -54.68826029638649
        ],
        [
            101.07788896560669,
            -54.688261436121024
        ],
        [
            101.08305287361145,
            -54.688262961009556
        ],
        [
            106.71777200698853,
            -54.68826816598889
        ],
        [
            280.3190689086914,
            -60.5394873430216
        ]
    ],
    "users": [
        10.0,
        10.0,
        10.0,
        29.242201063985945,
        48.48440212797189,
        67.72660319195784,
        60.953942872762056,
        54.85854858548585,
        49.372693726937264,
        44.43542435424354,
        39.99188191881918,
        35.99269372693726,
        35.99269372693726,
        35.99269372693726,
        35.99269372693726,
        35.99269372693726,
        35.99269372693726,
        35.99269372693726,
        35.99269372693726,
        35.99269372693726,
        35.99269372693726,
        35.99269372693726,
        35.99269372693726,
        35.99269372693726
    ]
}